Workbook

Sheet 特征值
A1: 名称 | B1: 项目 | C1: 方案:1： 常规 | D1: 方案2：优化调度-控4500-300-退水时刻及退水流量均为4500-河口村275以下关门，陆浑故县水库按常规，最小出库流量为0
A2: 三门峡水库 | B2: 最大入库(m3/s) | C2: =三门峡!I2 -> 1420 | D2: 1420
B3: 最大出库(m3/s) | C3: =三门峡!I3 -> 1420 | D3: 1420
B4: 滞蓄洪量(亿m3) | C4: =三门峡!I4 -> 0 | D4: 0
B5: 最高水位(m) | C5: =三门峡!I5 -> 295 | D5: 295.22857
B6: 相应蓄量(亿m3) | C6: =三门峡!I6 -> 3 | D6: 0.034571411
A7: 小浪底水库 | B7: 最大入库(m3/s) | C7: =小浪底!#REF! -> #REF! | D7: 6694 | E7: =C7-D7 -> #REF!
B8: 最大出库(m3/s) | C8: =小浪底!#REF! -> #REF! | D8: 4500 | E8: =C8-D8 -> #REF!
B9: 滞蓄洪量(亿m3) | C9: =小浪底!#REF! -> #REF! | D9: 11.379578 | E9: =C9-D9 -> #REF!
B10: 最高水位(m) | C10: =小浪底!#REF! -> #REF! | D10: 257.50411 | E10: =C10-D10 -> #REF!
B11: 相应蓄量(亿m3) | C11: =小浪底!#REF! -> #REF! | D11: 50.553591 | E11: =C11-D11 -> #REF!
A12: 陆浑水库 | B12: 最大入库(m3/s) | C12: =陆浑!I2 -> 9129 | D12: 9129 | E12: =C12-D12 -> 6.4750202e-06
B13: 最大出库(m3/s) | C13: =陆浑!I3 -> 3241.798 | D13: 3242.6026 | E13: =C13-D13 -> -0.80463185
B14: 滞蓄洪量(亿m3) | C14: =陆浑!I4 -> 282.9579 | D14: 2.5168662 | E14: =C14-D14 -> 280.44103
B15: 最高水位(m) | C15: =陆浑!I5 -> 323.0102 | D15: 323.01289 | E15: =C15-D15 -> -0.0026927249
B16: 相应蓄量(亿m3) | C16: =陆浑!I6 -> 760.9626 | D16: 7.6108662 | E16: =C16-D16 -> 753.35173
A17: 故县水库 | B17: 最大入库(m3/s) | C17: =故县!I2 -> 955 | D17: 955 | E17: =C17-D17 -> 1.2852252e-07
B18: 最大出库(m3/s) | C18: =故县!I3 -> 300 | D18: 90 | E18: =C18-D18 -> 210
B19: 滞蓄洪量(亿m3) | C19: =故县!I4 -> 147.2076 | D19: 1.782882 | E19: =C19-D19 -> 145.42472
B20: 最高水位(m) | C20: =故县!I5 -> 532.6958 | D20: 535.58017 | E20: =C20-D20 -> -2.8843694
B21: 相应蓄量(亿m3) | C21: =故县!I6 -> 636.0727 | D21: 6.983882 | E21: =C21-D21 -> 629.08882
A22: 河口村水库 | B22: 最大入库(m3/s) | C22: =河口村!J2 -> 4502 | D22: 4502 | E22: =C22-D22 -> 1.7633429e-06
B23: 最大出库(m3/s) | C23: =河口村!J3 -> 3847.86 | D23: 3607.7934 | E23: =C23-D23 -> 240.06661
B24: 滞蓄洪量(亿m3) | C24: =河口村!J4 -> 225.93102 | D24: 2.2741297 | E24: =C24-D24 -> 223.65689
B25: 最高水位(m) | C25: =河口村!J5 -> 283.2452 | D25: 284.98652 | E25: =C25-D25 -> -1.7413205
B26: 相应蓄量(亿m3) | C26: =河口村!J6 -> 293.5349 | D26: 3.0546297 | E26: =C26-D26 -> 290.48027
A27: 龙门镇 | B27: 洪峰流量(m3/s) | C27: =花园口以上洪水!M1 -> 5964.944 | D27: 5964.9439 | E27: =C27-D27 -> 6.4486629e-05
A28: 白马寺 | B28: 洪峰流量(m3/s) | C28: =花园口以上洪水!N1 -> 6762.198 | D28: 6466.2677 | E28: =C28-D28 -> 295.93028
A29: 黑石关 | B29: 洪峰流量(m3/s) | C29: 9000 | D29: 9000 | E29: =C29-D29 -> 0
A30: 武陟 | B30: 洪峰流量(m3/s) | C30: 4000 | D30: 4000 | E30: =C30-D30 -> 0
A31: 花园口 | B31: 洪峰流量(m3/s) | C31: =花园口以上洪水!R1 -> 13946.59 | D31: 13985.131 | E31: =C31-D31 -> -38.541036
B32: 超万洪量(亿m3) | C32: =花园口以上洪水!M3 -> 7.0789162 | D32: 7.2899035 | E32: =C32-D32 -> -0.21098737
A33: 孙口 | B33: 洪峰流量(m3/s) | C33: =下游!#REF! -> #REF! | D33: 10849.641 | E33: =C33-D33 -> #REF!
B34: 超万洪量(亿m3) | C34: =下游!#REF! -> #REF! | D34: 0.44264658 | E34: =C34-D34 -> #REF!
A35: 艾山 | B35: 洪峰流量(m3/s) | C35: 10000 | D35: 10000 | E35: =C35-D35 -> 0

Sheet 三门峡
A1: 时间 | B1: 水库名称 | C1: 入库 | D1: 出库 | E1: 水位 | F1: 蓄量
A2: 46233.708 | B2: 三门峡 | C2: 1420 | D2: 1420 | E2: 295 | F2: 3 | H2: 最大入库(m3/s) | I2: =MAX(C:C) -> 1420
A3: 46233.75 | B3: 三门峡 | C3: 1420 | D3: 1420 | E3: 295 | F3: 3 | H3: 最大出库(m3/s) | I3: =MAX(D:D) -> 1420
A4: 46233.792 | B4: 三门峡 | C4: 1420 | D4: 1420 | E4: 295 | F4: 3 | H4: 滞蓄洪量(亿m3) | I4: =I6-F2 -> 0
A5: 46233.833 | B5: 三门峡 | C5: 1420 | D5: 1420 | E5: 295 | F5: 3 | H5: 最高水位(m) | I5: =MAX(E:E) -> 295
A6: 46233.875 | B6: 三门峡 | C6: 1420 | D6: 1420 | E6: 295 | F6: 3 | H6: 相应蓄量(亿m3) | I6: =MAX(F:F) -> 3
A7: 46233.917 | B7: 三门峡 | C7: 1420 | D7: 1420 | E7: 295 | F7: 3
A8: 46233.958 | B8: 三门峡 | C8: 1420 | D8: 1420 | E8: 295 | F8: 3
A9: 46234 | B9: 三门峡 | C9: 1420 | D9: 1420 | E9: 295 | F9: 3
A10: 46234.042 | B10: 三门峡 | C10: 1420 | D10: 1420 | E10: 295 | F10: 3
A11: 46234.083 | B11: 三门峡 | C11: 1420 | D11: 1420 | E11: 295 | F11: 3
A12: 46234.125 | B12: 三门峡 | C12: 1420 | D12: 1420 | E12: 295 | F12: 3
A13: 46234.167 | B13: 三门峡 | C13: 1420 | D13: 1420 | E13: 295 | F13: 3
A14: 46234.208 | B14: 三门峡 | C14: 1420 | D14: 1420 | E14: 295 | F14: 3
A15: 46234.25 | B15: 三门峡 | C15: 1420 | D15: 1420 | E15: 295 | F15: 3
A16: 46234.292 | B16: 三门峡 | C16: 1420 | D16: 1420 | E16: 295 | F16: 3
A17: 46234.333 | B17: 三门峡 | C17: 1420 | D17: 1420 | E17: 295 | F17: 3
A18: 46234.375 | B18: 三门峡 | C18: 1420 | D18: 1420 | E18: 295 | F18: 3
... A643: 46260.417 | B643: 三门峡 | C643: 1420 | D643: 1420 | E643: 295 | F643: 3

Sheet 小浪底
A1: 时间 | B1: 水库名称 | C1: 入库 | D1: 出库 | E1: 水位 | F1: 蓄量
A2: 46233.708 | B2: 小浪底 | C2: 1420 | D2: 3794.789 | E2: 250.814 | F2: 3735.411
A3: 46233.75 | B3: 小浪底 | C3: 1420 | D3: 3790.595 | E3: 250.7681 | F3: 3726.869
A4: 46233.792 | B4: 小浪底 | C4: 1420 | D4: 3783.344 | E4: 250.7223 | F4: 3718.348
A5: 46233.833 | B5: 小浪底 | C5: 1420 | D5: 3774.095 | E5: 250.6767 | F5: 3709.857
A6: 46233.875 | B6: 小浪底 | C6: 1420 | D6: 3758.411 | E6: 250.6312 | F6: 3701.41
A7: 46233.917 | B7: 小浪底 | C7: 1420 | D7: 3740.747 | E7: 250.5862 | F7: 3693.024
A8: 46233.958 | B8: 小浪底 | C8: 1420.5 | D8: 3720.282 | E8: 250.5414 | F8: 3684.707
A9: 46234 | B9: 小浪底 | C9: 1421 | D9: 3697.901 | E9: 250.4971 | F9: 3676.469
A10: 46234.042 | B10: 小浪底 | C10: 1423 | D10: 3675.181 | E10: 250.4533 | F10: 3668.316
A11: 46234.083 | B11: 小浪底 | C11: 1425 | D11: 3650.74 | E11: 250.41 | F11: 3660.256
A12: 46234.125 | B12: 小浪底 | C12: 1431.5 | D12: 3625.484 | E12: 250.3672 | F12: 3652.301
A13: 46234.167 | B13: 小浪底 | C13: 1438 | D13: 3598.929 | E13: 250.3251 | F13: 3644.462
... A643: 46260.417 | B643: 小浪底 | C643: 1420 | D643: 1420 | E643: 235 | F643: 1289

Sheet 陆浑
A1: 时间 | B1: 水库名称 | C1: 入库 | D1: 出库 | E1: 水位 | F1: 蓄量
A2: 46233.708 | B2: 陆浑 | C2: 0 | D2: 300 | E2: 316.1819 | F2: 478.0047 | H2: 最大入库(m3/s) | I2: =MAX(C:C) -> 9129
A3: 46233.75 | B3: 陆浑 | C3: 0 | D3: 300 | E3: 316.1539 | F3: 476.9247 | H3: 最大出库(m3/s) | I3: =MAX(D:D) -> 3241.798
A4: 46233.792 | B4: 陆浑 | C4: 0 | D4: 300 | E4: 316.1258 | F4: 475.8447 | H4: 滞蓄洪量(亿m3) | I4: =I6-F2 -> 282.9579
A5: 46233.833 | B5: 陆浑 | C5: 0 | D5: 300 | E5: 316.0978 | F5: 474.7647 | H5: 最高水位(m) | I5: =MAX(E:E) -> 323.0102
A6: 46233.875 | B6: 陆浑 | C6: 2 | D6: 300 | E6: 316.0698 | F6: 473.6883 | H6: 相应蓄量(亿m3) | I6: =MAX(F:F) -> 760.9626
A7: 46233.917 | B7: 陆浑 | C7: 4 | D7: 300 | E7: 316.0421 | F7: 472.6191
A8: 46233.958 | B8: 陆浑 | C8: 8.5 | D8: 300 | E8: 316.0146 | F8: 471.5616
A9: 46234 | B9: 陆浑 | C9: 13 | D9: 300 | E9: 315.987 | F9: 470.5203
A10: 46234.042 | B10: 陆浑 | C10: 178 | D10: 300 | E10: 315.9671 | F10: 469.7841
A11: 46234.083 | B11: 陆浑 | C11: 343 | D11: 343 | E11: 315.9612 | F11: 469.5645
A12: 46234.125 | B12: 陆浑 | C12: 3963.5 | D12: 1000 | E12: 316.1013 | F12: 474.8988
A13: 46234.167 | B13: 陆浑 | C13: 7584 | D13: 1000 | E13: 316.5476 | F13: 492.0843
A14: 46234.208 | B14: 陆浑 | C14: 8356.5 | D14: 1000 | E14: 317.1994 | F14: 517.1772
A15: 46234.25 | B15: 陆浑 | C15: 9129 | D15: 1000 | E15: 317.9234 | F15: 545.0511
A16: 46234.292 | B16: 陆浑 | C16: 8307 | D16: 1000 | E16: 318.6209 | F16: 572.8359
A17: 46234.333 | B17: 陆浑 | C17: 7485 | D17: 1000 | E17: 319.2415 | F17: 597.6615
A18: 46234.375 | B18: 陆浑 | C18: 5602 | D18: 1000 | E18: 319.7404 | F18: 617.6181
... A643: 46260.417 | B643: 陆浑 | C643: 0 | D643: 0 | E643: 317 | F643: 509.5

Sheet 故县
A1: 时间 | B1: 水库名称 | C1: 入库 | D1: 出库 | E1: 水位 | F1: 蓄量
A2: 46233.708 | B2: 故县 | C2: 0 | D2: 300 | E2: 524.1203 | F2: 488.8651 | H2: 最大入库(m3/s) | I2: =MAX(C:C) -> 955
A3: 46233.75 | B3: 故县 | C3: 0 | D3: 300 | E3: 524.0507 | F3: 487.7851 | H3: 最大出库(m3/s) | I3: =MAX(D:D) -> 300
A4: 46233.792 | B4: 故县 | C4: 0 | D4: 300 | E4: 523.981 | F4: 486.7051 | H4: 滞蓄洪量(亿m3) | I4: =I6-F2 -> 147.2076
A5: 46233.833 | B5: 故县 | C5: 0 | D5: 300 | E5: 523.9113 | F5: 485.6251 | H5: 最高水位(m) | I5: =MAX(E:E) -> 532.6958
A6: 46233.875 | B6: 故县 | C6: 0 | D6: 300 | E6: 523.8416 | F6: 484.5451 | H6: 相应蓄量(亿m3) | I6: =MAX(F:F) -> 636.0727
A7: 46233.917 | B7: 故县 | C7: 0 | D7: 300 | E7: 523.772 | F7: 483.4651
A8: 46233.958 | B8: 故县 | C8: 0 | D8: 300 | E8: 523.7023 | F8: 482.3851
A9: 46234 | B9: 故县 | C9: 0 | D9: 300 | E9: 523.6326 | F9: 481.3051
A10: 46234.042 | B10: 故县 | C10: 0 | D10: 300 | E10: 523.5629 | F10: 480.2252
A11: 46234.083 | B11: 故县 | C11: 0 | D11: 300 | E11: 523.4932 | F11: 479.1452
A12: 46234.125 | B12: 故县 | C12: 0 | D12: 300 | E12: 523.4236 | F12: 478.0652
A13: 46234.167 | B13: 故县 | C13: 0 | D13: 300 | E13: 523.3539 | F13: 476.9852
A14: 46234.208 | B14: 故县 | C14: 0 | D14: 300 | E14: 523.2842 | F14: 475.9052
A15: 46234.25 | B15: 故县 | C15: 0 | D15: 300 | E15: 523.2145 | F15: 474.8252
A16: 46234.292 | B16: 故县 | C16: 0.5 | D16: 300 | E16: 523.1449 | F16: 473.7461
A17: 46234.333 | B17: 故县 | C17: 1 | D17: 300 | E17: 523.0754 | F17: 472.6688
A18: 46234.375 | B18: 故县 | C18: 1.5 | D18: 300 | E18: 523.006 | F18: 471.5933
... A643: 46260.417 | B643: 故县 | C643: 0 | D643: 0 | E643: 526.14 | F643: 520.1702

Sheet 河口村
A1: 时间 | B1: 水库名称 | C1: 入库 | D1: 出库 | E1: 水位 | F1: 蓄量 | G1: 五武间 | R1: stcd | S1: stnm | T1: tm | U1: q
A2: 46233.708 | B2: 河口村 | C2: 0 | D2: 100 | E2: 234.2094 | F2: 67.60388 | G2: =U2 -> 0 | H2: =D2+G8 -> 100 | I2: 最大入库(m3/s) | J2: =MAX(C:C) -> 4502 | R2: 五武间 | S2: 五武间 | T2: 46233.708 | U2: 0
A3: 46233.75 | B3: 河口村 | C3: 0 | D3: 100 | E3: 234.0788 | F3: 67.24388 | G3: =U3 -> 0 | H3: =D3+G9 -> 100 | I3: 最大出库(m3/s) | J3: =MAX(D:D) -> 3847.86 | R3: 五武间 | S3: 五武间 | T3: 46233.75 | U3: 0
A4: 46233.792 | B4: 河口村 | C4: 0 | D4: 100 | E4: 233.9482 | F4: 66.88388 | G4: =U4 -> 0 | H4: =D4+G10 -> 100 | I4: 滞蓄洪量(亿m3) | J4: =J6-F2 -> 225.93102 | R4: 五武间 | S4: 五武间 | T4: 46233.792 | U4: 0
A5: 46233.833 | B5: 河口村 | C5: 0 | D5: 100 | E5: 233.8176 | F5: 66.52388 | G5: =U5 -> 0 | H5: =D5+G11 -> 100 | I5: 最高水位(m) | J5: =MAX(E:E) -> 283.2452 | R5: 五武间 | S5: 五武间 | T5: 46233.833 | U5: 0
A6: 46233.875 | B6: 河口村 | C6: 0 | D6: 100 | E6: 233.687 | F6: 66.16388 | G6: =U6 -> 0 | H6: =D6+G12 -> 100 | I6: 相应蓄量(亿m3) | J6: =MAX(F:F) -> 293.5349 | R6: 五武间 | S6: 五武间 | T6: 46233.875 | U6: 0
A7: 46233.917 | B7: 河口村 | C7: 0 | D7: 100 | E7: 233.5564 | F7: 65.80388 | G7: =U7 -> 0 | H7: =D7+G13 -> 100 | R7: 五武间 | S7: 五武间 | T7: 46233.917 | U7: 0
A8: 46233.958 | B8: 河口村 | C8: 0 | D8: 100 | E8: 233.4258 | F8: 65.44388 | G8: =U8 -> 0 | H8: =D8+G14 -> 101.0455 | R8: 五武间 | S8: 五武间 | T8: 46233.958 | U8: 0
A9: 46234 | B9: 河口村 | C9: 0 | D9: 100 | E9: 233.2953 | F9: 65.08388 | G9: =U9 -> 0 | H9: =D9+G15 -> 102.091 | R9: 五武间 | S9: 五武间 | T9: 46234 | U9: 0
A10: 46234.042 | B10: 河口村 | C10: 0 | D10: 100 | E10: 233.1647 | F10: 64.72388 | G10: =U10 -> 0 | H10: =D10+G16 -> 104.05792 | R10: 五武间 | S10: 五武间 | T10: 46234.042 | U10: 0
A11: 46234.083 | B11: 河口村 | C11: 0 | D11: 100 | E11: 233.0341 | F11: 64.36388 | G11: =U11 -> 0 | H11: =D11+G17 -> 106.02484 | R11: 五武间 | S11: 五武间 | T11: 46234.083 | U11: 0
A12: 46234.125 | B12: 河口村 | C12: 0.5 | D12: 100 | E12: 232.9038 | F12: 64.00478 | G12: =U12 -> 0 | H12: =D12+G18 -> 108.83381 | R12: 五武间 | S12: 五武间 | T12: 46234.125 | U12: 0
A13: 46234.167 | B13: 河口村 | C13: 1 | D13: 100 | E13: 232.7742 | F13: 63.64748 | G13: =U13 -> 0 | H13: =D13+G19 -> 111.64278 | R13: 五武间 | S13: 五武间 | T13: 46234.167 | U13: 0
A14: 46234.208 | B14: 河口村 | C14: 2 | D14: 100 | E14: 232.6456 | F14: 63.29288 | G14: =U14 -> 1.0455 | H14: =D14+G20 -> 114.81763 | R14: 五武间 | S14: 五武间 | T14: 46234.208 | U14: 1.0455
A15: 46234.25 | B15: 河口村 | C15: 3 | D15: 100 | E15: 232.5182 | F15: 62.94188 | G15: =U15 -> 2.091 | H15: =D15+G21 -> 117.99248 | R15: 五武间 | S15: 五武间 | T15: 46234.25 | U15: 2.091
A16: 46234.292 | B16: 河口村 | C16: 5 | D16: 100 | E16: 232.3929 | F16: 62.59628 | G16: =U16 -> 4.057921 | H16: =D16+G22 -> 121.81271 | R16: 五武间 | S16: 五武间 | T16: 46234.292 | U16: 4.057921
A17: 46234.333 | B17: 河口村 | C17: 7 | D17: 100 | E17: 232.2701 | F17: 62.25787 | G17: =U17 -> 6.024843 | H17: =D17+G23 -> 125.63295 | R17: 五武间 | S17: 五武间 | T17: 46234.333 | U17: 6.024843
A18: 46234.375 | B18: 河口村 | C18: 9 | D18: 100 | E18: 232.1499 | F18: 61.92667 | G18: =U18 -> 8.833813 | H18: =D18+G24 -> 128.35687 | R18: 五武间 | S18: 五武间 | T18: 46234.375 | U18: 8.833813
... A643: 46260.417 | B643: 河口村 | C643: 0 | D643: 0 | E643: 238 | F643: 78.05325 | G643: =U643 -> 0 | H643: =D643+G649 -> 0 | R643: 五武间 | S643: 五武间 | T643: 46260.417 | U643: 0

Sheet 花园口以上洪水
E1: 时间 | F1: 龙门镇 | G1: 白马寺 | H1: 黑石关 | I1: 山路平 | J1: 武陟 | K1: 花园口 | M1: =MAX(F:F) -> 5964.944 | N1: =MAX(G:G) -> 6762.198 | O1: =MAX(H:H) -> 9000 | P1: =MAX(I:I) -> 1676 | Q1: =MAX(J:J) -> 4000 | R1: =MAX(K:K) -> 13946.59 | S1: 5519 | T1: 11715 | U1: 9000 | V1: 830 | W1: 4141 | X1: 17356
A2: =AC2 -> 0 | B2: =AD2 -> 0 | C2: =AE2 -> 0 | D2: =AF2 -> 0 | E2: 46233.708 | F2: 302 | G2: 300 | H2: 602 | I2: 0 | J2: 100 | K2: 4496.789 | L2: =IF(K2>10000,K2-10000,0) -> 0 | M2: =SUM(L:L) -> 98318.28 | N2: =COUNTIF(K:K,">=5000") -> 101
A3: =AC3 -> 0 | B3: =AD3 -> 0 | C3: =AE3 -> 0 | D3: =AF3 -> 0 | E3: 46233.75 | F3: 303 | G3: 300 | H3: 603 | I3: 0 | J3: 100 | K3: 4493.595 | L3: =IF(K3>10000,K3-10000,0) -> 0 | M3: =M2*3600*2/10^8 -> 7.0789162 | N3: =N2*2/24 -> 8.4166667
A4: =AC4 -> 0 | B4: =AD4 -> 0 | C4: =AE4 -> 0 | D4: =AF4 -> 0 | E4: 46233.792 | F4: 305 | G4: 300 | H4: 602.0001 | I4: 0 | J4: 100 | K4: 4485.344 | L4: =IF(K4>10000,K4-10000,0) -> 0
A5: =AC5 -> 0 | B5: =AD5 -> 0 | C5: =AE5 -> 0 | D5: =AF5 -> 0 | E5: 46233.833 | F5: 307 | G5: 300 | H5: 603.0001 | I5: 0 | J5: 100 | K5: 4477.095 | L5: =IF(K5>10000,K5-10000,0) -> 0 | U5: 7495.1857 | V5: 9237.0547 | W5: 9000 | X5: 1989 | Y5: 4000 | Z5: 19531
A6: =AC6 -> 0 | B6: =AD6 -> 0 | C6: =AE6 -> 0 | D6: =AF6 -> 0 | E6: 46233.875 | F6: 309.5 | G6: 300 | H6: 605.5051 | I6: 0 | J6: 100 | K6: 4496.728 | L6: =IF(K6>10000,K6-10000,0) -> 0
A7: =AC7 -> 0 | B7: =AD7 -> 0 | C7: =AE7 -> 0 | D7: =AF7 -> 0 | E7: 46233.917 | F7: 312 | G7: 300 | H7: 610.0068 | I7: 0 | J7: 100 | K7: 4493.515 | L7: =IF(K7>10000,K7-10000,0) -> 0
A8: =AC8 -> 0 | B8: =AD8 -> 0 | C8: =AE8 -> 0 | D8: =AF8 -> 0 | E8: 46233.958 | F8: 316 | G8: 300.0001 | H8: 613.5824 | I8: 0 | J8: 100 | K8: 4485.244 | L8: =IF(K8>10000,K8-10000,0) -> 0 | U8: 6662 | W8: 7495.1857
A9: =AC9 -> 0 | B9: =AD9 -> 0 | C9: =AE9 -> 0 | D9: =AF9 -> 0 | E9: 46234 | F9: 320 | G9: 300.0002 | H9: 619.1082 | I9: 0 | J9: 100 | K9: 4476.978 | L9: =IF(K9>10000,K9-10000,0) -> 0 | U9: 9784 | W9: 9237.0547
A10: =AC10 -> 0 | B10: =AD10 -> 0 | C10: =AE10 -> 0 | D10: =AF10 -> 0 | E10: 46234.042 | F10: 325.5 | G10: 300.0029 | H10: 623.576 | I10: 0.5 | J10: 100 | K10: 4498.708 | L10: =IF(K10>10000,K10-10000,0) -> 0 | U10: 8000 | W10: 9000
A11: =AC11 -> 0 | B11: =AD11 -> 0 | C11: =AE11 -> 0 | D11: =AF11 -> 0 | E11: 46234.083 | F11: 331.0923 | G11: 300.0056 | H11: 629.7421 | I11: 1 | J11: 100 | K11: 4498.272 | L11: =IF(K11>10000,K11-10000,0) -> 0 | U11: 4000 | W11: 4000
A12: =AC12 -> 0 | B12: =AD12 -> 0 | C12: =AE12 -> 0 | D12: =AF12 -> 0 | E12: 46234.125 | F12: 352.5027 | G12: 300.063 | H12: 634.679 | I12: 2.5 | J12: 100 | K12: 4497.848 | L12: =IF(K12>10000,K12-10000,0) -> 0 | U12: 19531
A13: =AC13 -> 0 | B13: =AD13 -> 0 | C13: =AE13 -> 0 | D13: =AF13 -> 0 | E13: 46234.167 | F13: 374.2883 | G13: 300.1204 | H13: 640.7354 | I13: 4 | J13: 100 | K13: 4497.427 | L13: =IF(K13>10000,K13-10000,0) -> 0
A14: =AC14 -> 0 | B14: =AD14 -> 0 | C14: =AE14 -> 0 | D14: =AF14 -> 0 | E14: 46234.208 | F14: 560.571 | G14: 307.4511 | H14: 645.8352 | I14: 6.5 | J14: 101.0455 | K14: 4526.146 | L14: =IF(K14>10000,K14-10000,0) -> 0
A15: =AC15 -> 0 | B15: =AD15 -> 0 | C15: =AE15 -> 0 | D15: =AF15 -> 0 | E15: 46234.25 | F15: 731.1653 | G15: 314.7818 | H15: 651.5505 | I15: 9 | J15: 102.091 | K15: 4536.643 | L15: =IF(K15>10000,K15-10000,0) -> 0
A16: =AC16 -> 0 | B16: =AD16 -> 0 | C16: =AE16 -> 0 | D16: =AF16 -> 0 | E16: 46234.292 | F16: 1595.815 | G16: 418.0688 | H16: 658.7797 | I16: 11.5 | J16: 104.0579 | K16: 4546.988 | L16: =IF(K16>10000,K16-10000,0) -> 0
A17: =AC17 -> 0 | B17: =AD17 -> 0 | C17: =AE17 -> 0 | D17: =AF17 -> 0 | E17: 46234.333 | F17: 2309.102 | G17: 521.3557 | H17: 666.2986 | I17: 14 | J17: 106.0248 | K17: 4557.294 | L17: =IF(K17>10000,K17-10000,0) -> 0
A18: =AC18 -> 0 | B18: =AD18 -> 0 | C18: =AE18 -> 0 | D18: =AF18 -> 0 | E18: 46234.375 | F18: 3913.611 | G18: 1041.409 | H18: 693.0927 | I18: 15.5 | J18: 108.8338 | K18: 4577.504 | L18: =IF(K18>10000,K18-10000,0) -> 0
A19: =AC19 -> 0 | B19: =AD19 -> 0 | C19: =AE19 -> 0 | D19: =AF19 -> 0 | E19: 46234.417 | F19: 5127.521 | G19: 1561.462 | H19: 719.4711 | I19: 17 | J19: 111.6428 | K19: 4588.177 | L19: =IF(K19>10000,K19-10000,0) -> 0
A20: =AC20 -> 0 | B20: =AD20 -> 0 | C20: =AE20 -> 0 | D20: =AF20 -> 0 | E20: 46234.458 | F20: 5572.139 | G20: 2650.164 | H20: 852.0307 | I20: 18.5 | J20: 114.8176 | K20: 4596.827 | L20: =IF(K20>10000,K20-10000,0) -> 0
A21: =AC21 -> 0 | B21: =AD21 -> 0 | C21: =AE21 -> 0 | D21: =AF21 -> 0 | E21: 46234.5 | F21: 5964.944 | G21: 3738.866 | H21: 978.6377 | I21: 20 | J21: 117.9925 | K21: 4605.009 | L21: =IF(K21>10000,K21-10000,0) -> 0
A22: =AC22 -> 0 | B22: =AD22 -> 0 | C22: =AE22 -> 0 | D22: =AF22 -> 0 | E22: 46234.542 | F22: 5473.103 | G22: 4988.41 | H22: 1495.981 | I22: 23 | J22: 121.8127 | K22: 4617.185 | L22: =IF(K22>10000,K22-10000,0) -> 0
A23: =AC23 -> 0 | B23: =AD23 -> 0 | C23: =AE23 -> 0 | D23: =AF23 -> 0 | E23: 46234.583 | F23: 4976.625 | G23: 6237.954 | H23: 1980.684 | I23: 26 | J23: 125.6329 | K23: 4624.85 | L23: =IF(K23>10000,K23-10000,0) -> 0
A24: =AC24 -> 0 | B24: =AD24 -> 0 | C24: =AE24 -> 0 | D24: =AF24 -> 0 | E24: 46234.625 | F24: 4301.973 | G24: 6265.849 | H24: 3196.414 | I24: 31 | J24: 128.3569 | K24: 4631.227 | L24: =IF(K24>10000,K24-10000,0) -> 0
... A374: =AC374 -> 0 | B374: =AD374 -> 0 | C374: =AE374 -> 0 | D374: =AF374 -> 0 | E374: 46249.208 | F374: 0 | G374: 148.2721 | H374: 149.9927 | I374: 0 | J374: 6.51e-25 | K374: 4504.719 | L374: =IF(K374>10000,K374-10000,0) -> 0
E375: 46249.25 | F375: 0 | G375: 143.1196 | H375: 149.9257 | I375: 0 | J375: 4.1e-25 | K375: 4520.061 | L375: =IF(K375>10000,K375-10000,0) -> 0
E376: 46249.292 | F376: 0 | G376: 139.5708 | H376: 149.8795 | I376: 0 | J376: 1.92e-25 | K376: 4530.626 | L376: =IF(K376>10000,K376-10000,0) -> 0
E377: 46249.333 | F377: 0 | G377: 123.4807 | H377: 149.2962 | I377: 0 | J377: 1.21e-25 | K377: 4530.625 | L377: =IF(K377>10000,K377-10000,0) -> 0
E378: 46249.375 | F378: 0 | G378: 112.3988 | H378: 148.8945 | I378: 0 | J378: 5.63e-26 | K378: 4530.625 | L378: =IF(K378>10000,K378-10000,0) -> 0
E379: 46249.417 | F379: 0 | G379: 84.37792 | H379: 145.8817 | I379: 0 | J379: 3.54e-26 | K379: 4564.998 | L379: =IF(K379>10000,K379-10000,0) -> 0
E380: 46249.458 | F380: 0 | G380: 65.0789 | H380: 143.8067 | I380: 0 | J380: 1.65e-26 | K380: 4588.672 | L380: =IF(K380>10000,K380-10000,0) -> 0
E381: 46249.5 | F381: 0 | G381: 40.06264 | H381: 134.2759 | I381: 0 | J381: 1.04e-26 | K381: 4588.628 | L381: =IF(K381>10000,K381-10000,0) -> 0
E382: 46249.542 | F382: 0 | G382: 22.83302 | H382: 127.7117 | I382: 0 | J382: 4.85e-27 | K382: 4588.597 | L382: =IF(K382>10000,K382-10000,0) -> 0
E383: 46249.583 | F383: 0 | G383: 12.89858 | H383: 109.1931 | I383: 0 | J383: 3.05e-27 | K383: 4609.772 | L383: =IF(K383>10000,K383-10000,0) -> 0
E384: 46249.625 | F384: 0 | G384: 6.05636 | H384: 96.43874 | I384: 0 | J384: 1.42e-27 | K384: 4624.357 | L384: =IF(K384>10000,K384-10000,0) -> 0
E385: 46249.667 | F385: 0 | G385: 3.275198 | H385: 74.47051 | I385: 0 | J385: 8.93e-28 | K385: 4623.432 | L385: =IF(K385>10000,K385-10000,0) -> 0
E386: 46249.708 | F386: 0 | G386: 1.359709 | H386: 59.34019 | I386: 0 | J386: 4.17e-28 | K386: 4622.794 | L386: =IF(K386>10000,K386-10000,0) -> 0
... E643: 46260.417 | F643: 0 | G643: 0 | H643: 0 | I643: 0 | J643: 0 | K643: 1420 | L643: =IF(K643>10000,K643-10000,0) -> 0

Sheet 下游
A1: 时间 | B1: 花园口 | C1: 夹河滩 | D1: 高村 | E1: 孙口 | F1: 艾山 | G1: 泺口 | H1: 利津
A2: 46233.708 | B2: 4496.789 | C2: 4496.789 | D2: 4496.789 | E2: 4496.789 | F2: 4496.789 | G2: 4496.789 | H2: 4496.789
A3: 46233.75 | B3: 4493.595 | C3: 4493.595 | D3: 4493.595 | E3: 4493.595 | F3: 4493.595 | G3: 4493.595 | H3: 4493.595
A4: 46233.792 | B4: 4485.344 | C4: 4485.344 | D4: 4485.344 | E4: 4485.344 | F4: 4485.344 | G4: 4496.789 | H4: 4496.789
A5: 46233.833 | B5: 4477.095 | C5: 4477.095 | D5: 4477.095 | E5: 4477.095 | F5: 4477.095 | G5: 4493.595 | H5: 4493.595
A6: 46233.875 | B6: 4496.728 | C6: 4496.728 | D6: 4496.728 | E6: 4496.728 | F6: 4496.728 | G6: 4496.787 | H6: 4496.789
A7: 46233.917 | B7: 4493.515 | C7: 4493.515 | D7: 4493.515 | E7: 4493.515 | F7: 4493.515 | G7: 4493.593 | H7: 4493.595
A8: 46233.958 | B8: 4485.244 | C8: 4485.244 | D8: 4485.244 | E8: 4485.244 | F8: 4485.244 | G8: 4496.768 | H8: 4496.789
A9: 46234 | B9: 4476.978 | C9: 4476.978 | D9: 4476.978 | E9: 4476.978 | F9: 4476.978 | G9: 4493.565 | H9: 4493.595
A10: 46234.042 | B10: 4498.708 | C10: 4496.86 | D10: 4496.795 | E10: 4496.789 | F10: 4496.789 | G10: 4496.65 | H10: 4496.789
A11: 46234.083 | B11: 4498.272 | C11: 4493.771 | D11: 4493.612 | E11: 4493.596 | F11: 4493.595 | G11: 4493.396 | H11: 4493.595
A12: 46234.125 | B12: 4497.848 | C12: 4485.812 | D12: 4485.389 | E12: 4485.346 | F12: 4485.344 | G12: 4496.216 | H12: 4496.789
A13: 46234.167 | B13: 4497.427 | C13: 4477.856 | D13: 4477.168 | E13: 4477.098 | F13: 4477.096 | G13: 4492.771 | H13: 4493.595
... A643: 46260.417 | B643: 1420 | C643: 1424.28 | D643: 1446.705 | E643: 1866.339 | F643: 2453.209 | G643: 3346.144 | H643: 4111.542

Sheet 参数
A1: stcd | B1: stnm | C1: Control_Par | D1: Instruction
A2: 1 | B2: 东平湖 | C2: 1 | D2: 0表示不分洪，1表示分洪
A3: 2 | B3: 北金堤 | C3: 1 | D3: 0表示不分洪，1表示分洪
A4: 3 | B4: 三门峡 | C4: 295 | D4: 初始水位
A5: 4 | B5: 小浪底 | C5: 250.86 | D5: 初始水位
A6: 5 | B6: 陆浑 | C6: 316.21 | D6: 初始水位
A7: 6 | B7: 故县 | C7: 524.19 | D7: 初始水位
A8: 7 | B8: 河口村 | C8: 234.34 | D8: 初始水位
A9: 8 | B9: 三门峡 | C9: 0 | D9: 0表示敞泄，1表示控泄
A10: 9 | B10: 小浪底 | C10: 1 | D10: 0表示敞泄，1表示控泄
A11: 10 | B11: 陆浑 | C11: 1 | D11: 0表示敞泄，1表示控泄
A12: 11 | B12: 故县 | C12: 1 | D12: 0表示敞泄，1表示控泄
A13: 12 | B13: 河口村 | C13: 1 | D13: 0表示敞泄，1表示控泄
... A47: 46 | B47: 洪水类型 | C47: 1 | D47: 0为上大洪水，1为下大洪水
